bookings_id,start_date,end_date,status
1,2025-02-08T10:06:28Z,2025-02-05T11:59:43Z,pending
2,2024-12-24T05:46:17Z,2025-01-22T23:59:47Z,inactive
3,2025-02-24T04:15:09Z,2024-12-26T11:29:01Z,pending
4,2025-01-28T05:02:39Z,2025-02-09T16:10:04Z,pending
5,2024-12-12T04:16:16Z,2024-11-30T18:56:58Z,active
6,2024-12-10T12:40:51Z,2024-12-31T07:31:50Z,pending
7,2025-01-28T11:54:47Z,2024-11-03T23:19:30Z,active
8,2025-02-02T11:09:05Z,2024-11-13T11:24:10Z,inactive
9,2025-02-24T09:49:13Z,2024-12-12T15:22:04Z,active
10,2024-11-19T21:05:37Z,2025-01-10T12:08:36Z,active
11,2024-11-08T07:53:02Z,2024-12-25T08:57:38Z,active
12,2025-01-09T15:28:34Z,2024-12-09T14:48:13Z,active
13,2024-12-28T04:49:00Z,2024-11-06T08:32:26Z,inactive
14,2024-11-07T16:05:14Z,2025-02-21T05:07:46Z,active
15,2024-11-02T07:34:52Z,2025-02-23T23:22:29Z,inactive
16,2025-02-12T12:23:45Z,2025-01-25T01:48:25Z,active
17,2024-11-28T19:41:32Z,2024-12-24T08:07:07Z,active
18,2024-12-27T22:57:15Z,2025-02-13T22:44:27Z,inactive
19,2025-01-10T11:53:35Z,2024-11-11T14:49:18Z,active
20,2024-12-20T17:03:01Z,2025-02-19T00:53:40Z,active
21,2025-02-09T19:23:05Z,2024-11-21T04:19:27Z,active
22,2024-11-19T02:54:10Z,2024-12-17T12:47:55Z,pending
23,2024-12-28T02:56:52Z,2024-12-19T13:15:35Z,active
24,2024-12-05T23:46:25Z,2025-01-24T20:09:58Z,pending
25,2024-11-23T18:57:04Z,2024-12-03T22:08:09Z,pending
26,2024-11-22T01:12:35Z,2024-12-21T06:50:20Z,active
27,2025-01-24T05:52:34Z,2024-12-15T07:28:56Z,active
28,2025-01-11T00:46:54Z,2025-02-26T03:24:01Z,pending
29,2025-01-22T13:59:25Z,2024-11-04T18:17:41Z,pending
30,2024-12-08T15:08:47Z,2024-11-20T22:48:06Z,active
31,2025-01-25T06:34:27Z,2025-02-12T04:48:21Z,pending
32,2025-01-09T04:04:54Z,2024-11-03T00:32:52Z,active
33,2024-12-12T11:57:23Z,2025-01-08T11:35:43Z,active
34,2025-02-09T08:56:47Z,2025-01-10T04:31:13Z,active
35,2025-01-19T13:35:00Z,2025-01-15T04:45:34Z,pending
36,2025-02-16T20:58:52Z,2025-02-15T07:07:35Z,active
37,2025-01-12T09:56:45Z,2024-11-22T08:16:24Z,pending
38,2025-01-19T18:46:28Z,2025-02-04T05:21:40Z,active
39,2025-01-21T23:11:25Z,2024-11-22T15:46:52Z,active
40,2025-02-10T21:55:37Z,2024-11-01T09:26:43Z,active
41,2025-01-20T04:19:22Z,2025-01-16T10:37:29Z,pending
42,2025-02-19T02:45:18Z,2025-02-18T12:51:03Z,active
43,2025-02-03T22:31:54Z,2025-01-20T14:07:36Z,inactive
44,2024-12-06T14:46:04Z,2024-11-10T19:33:02Z,pending
45,2024-11-22T14:35:36Z,2025-02-18T19:38:59Z,active
46,2025-01-25T20:15:02Z,2025-01-01T10:25:00Z,active
47,2025-01-14T08:28:03Z,2024-11-24T16:06:07Z,active
48,2024-11-06T20:43:09Z,2025-01-29T08:51:03Z,pending
49,2024-12-31T15:25:08Z,2025-01-16T11:46:35Z,active
50,2024-11-16T04:15:56Z,2025-02-04T17:08:51Z,active
